<?xml version="1.0" encoding="utf-8" ?>
<dwsync>
<file name="ajax.html" server="s118191.gridserver.com//domains/" local="129894481200000000" remote="129894481200000000" />
<file name="bottom.html" server="s118191.gridserver.com//domains/" local="129894481200000000" remote="129894481200000000" />
<file name="collapsible.html" server="s118191.gridserver.com//domains/" local="129894481200000000" remote="129894481200000000" />
<file name="cookie.html" server="s118191.gridserver.com//domains/" local="129894481200000000" remote="129894481200000000" />
<file name="default.html" server="s118191.gridserver.com//domains/" local="129894481200000000" remote="129894481200000000" />
<file name="index.html" server="s118191.gridserver.com//domains/" local="129894481200000000" remote="129894481200000000" />
<file name="manipulation.html" server="s118191.gridserver.com//domains/" local="129894481200000000" remote="129894481200000000" />
<file name="mouseover.html" server="s118191.gridserver.com//domains/" local="129894481200000000" remote="129894481200000000" />
<file name="sortable.html" server="s118191.gridserver.com//domains/" local="129894481200000000" remote="129894481200000000" />
<file name="vertical.html" server="s118191.gridserver.com//domains/" local="129894481200000000" remote="129894481200000000" />
</dwsync>