<?xml version="1.0" encoding="utf-8" ?>
<dwsync>
<file name="accordion.html" server="s118191.gridserver.com//domains/" local="129894481200000000" remote="129894481200000000" />
<file name="addClass.html" server="s118191.gridserver.com//domains/" local="129894481200000000" remote="129894481200000000" />
<file name="animate.html" server="s118191.gridserver.com//domains/" local="129894481200000000" remote="129894481200000000" />
<file name="autocomplete.html" server="s118191.gridserver.com//domains/" local="129894481200000000" remote="129894481200000000" />
<file name="button.html" server="s118191.gridserver.com//domains/" local="129894481200000000" remote="129894481200000000" />
<file name="datepicker.html" server="s118191.gridserver.com//domains/" local="129894481200000000" remote="129894481200000000" />
<file name="dialog.html" server="s118191.gridserver.com//domains/" local="129894481200000000" remote="129894481200000000" />
<file name="draggable.html" server="s118191.gridserver.com//domains/" local="129894481200000000" remote="129894481200000000" />
<file name="droppable.html" server="s118191.gridserver.com//domains/" local="129894481200000000" remote="129894481200000000" />
<file name="effect.html" server="s118191.gridserver.com//domains/" local="129894481200000000" remote="129894481200000000" />
<file name="hide.html" server="s118191.gridserver.com//domains/" local="129894481200000000" remote="129894481200000000" />
<file name="position.html" server="s118191.gridserver.com//domains/" local="129894481200000000" remote="129894481200000000" />
<file name="progressbar.html" server="s118191.gridserver.com//domains/" local="129894481200000000" remote="129894481200000000" />
<file name="removeClass.html" server="s118191.gridserver.com//domains/" local="129894481200000000" remote="129894481200000000" />
<file name="resizable.html" server="s118191.gridserver.com//domains/" local="129894481200000000" remote="129894481200000000" />
<file name="selectable.html" server="s118191.gridserver.com//domains/" local="129894481200000000" remote="129894481200000000" />
<file name="show.html" server="s118191.gridserver.com//domains/" local="129894481200000000" remote="129894481200000000" />
<file name="slider.html" server="s118191.gridserver.com//domains/" local="129894481200000000" remote="129894481200000000" />
<file name="sortable.html" server="s118191.gridserver.com//domains/" local="129894481200000000" remote="129894481200000000" />
<file name="switchClass.html" server="s118191.gridserver.com//domains/" local="129894481200000000" remote="129894481200000000" />
<file name="tabs.html" server="s118191.gridserver.com//domains/" local="129894481200000000" remote="129894481200000000" />
<file name="toggle.html" server="s118191.gridserver.com//domains/" local="129894481200000000" remote="129894481200000000" />
<file name="toggleClass.html" server="s118191.gridserver.com//domains/" local="129894481200000000" remote="129894481200000000" />
</dwsync>