<?xml version="1.0" encoding="utf-8" ?>
<dwsync>
<file name="connect-lists-through-tabs.html" server="s118191.gridserver.com//domains/" local="129894481200000000" remote="129894481200000000" />
<file name="connect-lists.html" server="s118191.gridserver.com//domains/" local="129894481200000000" remote="129894481200000000" />
<file name="default.html" server="s118191.gridserver.com//domains/" local="129894481200000000" remote="129894481200000000" />
<file name="delay-start.html" server="s118191.gridserver.com//domains/" local="129894481200000000" remote="129894481200000000" />
<file name="display-grid.html" server="s118191.gridserver.com//domains/" local="129894481200000000" remote="129894481200000000" />
<file name="empty-lists.html" server="s118191.gridserver.com//domains/" local="129894481200000000" remote="129894481200000000" />
<file name="index.html" server="s118191.gridserver.com//domains/" local="129894481200000000" remote="129894481200000000" />
<file name="items.html" server="s118191.gridserver.com//domains/" local="129894481200000000" remote="129894481200000000" />
<file name="placeholder.html" server="s118191.gridserver.com//domains/" local="129894481200000000" remote="129894481200000000" />
<file name="portlets.html" server="s118191.gridserver.com//domains/" local="129894481200000000" remote="129894481200000000" />
</dwsync>