<?xml version="1.0" encoding="utf-8" ?>
<dwsync>
<file name="accepted-elements.html" server="s118191.gridserver.com//domains/" local="129894480600000000" remote="129894480600000000" />
<file name="default.html" server="s118191.gridserver.com//domains/" local="129894480600000000" remote="129894480600000000" />
<file name="index.html" server="s118191.gridserver.com//domains/" local="129894480600000000" remote="129894480600000000" />
<file name="photo-manager.html" server="s118191.gridserver.com//domains/" local="129894480600000000" remote="129894480600000000" />
<file name="propagation.html" server="s118191.gridserver.com//domains/" local="129894480600000000" remote="129894480600000000" />
<file name="revert.html" server="s118191.gridserver.com//domains/" local="129894480600000000" remote="129894480600000000" />
<file name="shopping-cart.html" server="s118191.gridserver.com//domains/" local="129894480600000000" remote="129894480600000000" />
<file name="visual-feedback.html" server="s118191.gridserver.com//domains/" local="129894480600000000" remote="129894480600000000" />
</dwsync>