<?xml version="1.0" encoding="utf-8" ?>
<dwsync>
<file name="categories.html" server="s118191.gridserver.com//domains/" local="129894480600000000" remote="129894480600000000" />
<file name="combobox.html" server="s118191.gridserver.com//domains/" local="129894480600000000" remote="129894480600000000" />
<file name="custom-data.html" server="s118191.gridserver.com//domains/" local="129894480600000000" remote="129894480600000000" />
<file name="default.html" server="s118191.gridserver.com//domains/" local="129894480600000000" remote="129894480600000000" />
<file name="folding.html" server="s118191.gridserver.com//domains/" local="129894480600000000" remote="129894480600000000" />
<file name="index.html" server="s118191.gridserver.com//domains/" local="129894480600000000" remote="129894480600000000" />
<file name="london.xml" server="s118191.gridserver.com//domains/" local="129894480600000000" remote="129894480600000000" />
<file name="maxheight.html" server="s118191.gridserver.com//domains/" local="129894480600000000" remote="129894480600000000" />
<file name="multiple-remote.html" server="s118191.gridserver.com//domains/" local="129894480600000000" remote="129894480600000000" />
<file name="multiple.html" server="s118191.gridserver.com//domains/" local="129894480600000000" remote="129894480600000000" />
<file name="remote-jsonp.html" server="s118191.gridserver.com//domains/" local="129894480600000000" remote="129894480600000000" />
<file name="remote-with-cache.html" server="s118191.gridserver.com//domains/" local="129894480600000000" remote="129894480600000000" />
<file name="remote.html" server="s118191.gridserver.com//domains/" local="129894480600000000" remote="129894480600000000" />
<file name="search.php" server="s118191.gridserver.com//domains/" local="129894480600000000" remote="129894480600000000" />
<file name="xml.html" server="s118191.gridserver.com//domains/" local="129894480600000000" remote="129894480600000000" />
</dwsync>