<?xml version="1.0" encoding="utf-8" ?>
<dwsync>
<file name="constrain-movement.html" server="s118191.gridserver.com//domains/" local="129894480600000000" remote="129894480600000000" />
<file name="cursor-style.html" server="s118191.gridserver.com//domains/" local="129894480600000000" remote="129894480600000000" />
<file name="default.html" server="s118191.gridserver.com//domains/" local="129894480600000000" remote="129894480600000000" />
<file name="delay-start.html" server="s118191.gridserver.com//domains/" local="129894480600000000" remote="129894480600000000" />
<file name="events.html" server="s118191.gridserver.com//domains/" local="129894480600000000" remote="129894480600000000" />
<file name="handle.html" server="s118191.gridserver.com//domains/" local="129894480600000000" remote="129894480600000000" />
<file name="index.html" server="s118191.gridserver.com//domains/" local="129894480600000000" remote="129894480600000000" />
<file name="revert.html" server="s118191.gridserver.com//domains/" local="129894480600000000" remote="129894480600000000" />
<file name="scroll.html" server="s118191.gridserver.com//domains/" local="129894480600000000" remote="129894480600000000" />
<file name="snap-to.html" server="s118191.gridserver.com//domains/" local="129894480600000000" remote="129894480600000000" />
<file name="sortable.html" server="s118191.gridserver.com//domains/" local="129894480600000000" remote="129894480600000000" />
<file name="visual-feedback.html" server="s118191.gridserver.com//domains/" local="129894480600000000" remote="129894480600000000" />
</dwsync>