<?xml version="1.0" encoding="utf-8" ?>
<dwsync>
<file name="jquery.effects.blind.min.js" server="s118191.gridserver.com//domains/" local="129894481200000000" remote="129894481200000000" />
<file name="jquery.effects.bounce.min.js" server="s118191.gridserver.com//domains/" local="129894481200000000" remote="129894481200000000" />
<file name="jquery.effects.clip.min.js" server="s118191.gridserver.com//domains/" local="129894481200000000" remote="129894481200000000" />
<file name="jquery.effects.core.min.js" server="s118191.gridserver.com//domains/" local="129894481200000000" remote="129894481200000000" />
<file name="jquery.effects.drop.min.js" server="s118191.gridserver.com//domains/" local="129894481200000000" remote="129894481200000000" />
<file name="jquery.effects.explode.min.js" server="s118191.gridserver.com//domains/" local="129894481200000000" remote="129894481200000000" />
<file name="jquery.effects.fade.min.js" server="s118191.gridserver.com//domains/" local="129894481200000000" remote="129894481200000000" />
<file name="jquery.effects.fold.min.js" server="s118191.gridserver.com//domains/" local="129894481200000000" remote="129894481200000000" />
<file name="jquery.effects.highlight.min.js" server="s118191.gridserver.com//domains/" local="129894481200000000" remote="129894481200000000" />
<file name="jquery.effects.pulsate.min.js" server="s118191.gridserver.com//domains/" local="129894481200000000" remote="129894481200000000" />
<file name="jquery.effects.scale.min.js" server="s118191.gridserver.com//domains/" local="129894481200000000" remote="129894481200000000" />
<file name="jquery.effects.shake.min.js" server="s118191.gridserver.com//domains/" local="129894481200000000" remote="129894481200000000" />
<file name="jquery.effects.slide.min.js" server="s118191.gridserver.com//domains/" local="129894481200000000" remote="129894481200000000" />
<file name="jquery.effects.transfer.min.js" server="s118191.gridserver.com//domains/" local="129894481200000000" remote="129894481200000000" />
<file name="jquery.ui.accordion.min.js" server="s118191.gridserver.com//domains/" local="129894481200000000" remote="129894481200000000" />
<file name="jquery.ui.autocomplete.min.js" server="s118191.gridserver.com//domains/" local="129894481200000000" remote="129894481200000000" />
<file name="jquery.ui.button.min.js" server="s118191.gridserver.com//domains/" local="129894481200000000" remote="129894481200000000" />
<file name="jquery.ui.core.min.js" server="s118191.gridserver.com//domains/" local="129894481200000000" remote="129894481200000000" />
<file name="jquery.ui.datepicker.min.js" server="s118191.gridserver.com//domains/" local="129894481200000000" remote="129894481200000000" />
<file name="jquery.ui.dialog.min.js" server="s118191.gridserver.com//domains/" local="129894481200000000" remote="129894481200000000" />
<file name="jquery.ui.draggable.min.js" server="s118191.gridserver.com//domains/" local="129894481200000000" remote="129894481200000000" />
<file name="jquery.ui.droppable.min.js" server="s118191.gridserver.com//domains/" local="129894481200000000" remote="129894481200000000" />
<file name="jquery.ui.mouse.min.js" server="s118191.gridserver.com//domains/" local="129894481200000000" remote="129894481200000000" />
<file name="jquery.ui.position.min.js" server="s118191.gridserver.com//domains/" local="129894481200000000" remote="129894481200000000" />
<file name="jquery.ui.progressbar.min.js" server="s118191.gridserver.com//domains/" local="129894481200000000" remote="129894481200000000" />
<file name="jquery.ui.resizable.min.js" server="s118191.gridserver.com//domains/" local="129894481200000000" remote="129894481200000000" />
<file name="jquery.ui.selectable.min.js" server="s118191.gridserver.com//domains/" local="129894481200000000" remote="129894481200000000" />
<file name="jquery.ui.slider.min.js" server="s118191.gridserver.com//domains/" local="129894481200000000" remote="129894481200000000" />
<file name="jquery.ui.sortable.min.js" server="s118191.gridserver.com//domains/" local="129894481200000000" remote="129894481200000000" />
<file name="jquery.ui.tabs.min.js" server="s118191.gridserver.com//domains/" local="129894481200000000" remote="129894481200000000" />
<file name="jquery.ui.widget.min.js" server="s118191.gridserver.com//domains/" local="129894481200000000" remote="129894481200000000" />
</dwsync>