<?xml version="1.0" encoding="utf-8" ?>
<dwsync>
<file name="colorpicker.html" server="s118191.gridserver.com//domains/" local="129894481200000000" remote="129894481200000000" />
<file name="default.html" server="s118191.gridserver.com//domains/" local="129894481200000000" remote="129894481200000000" />
<file name="hotelrooms.html" server="s118191.gridserver.com//domains/" local="129894481200000000" remote="129894481200000000" />
<file name="index.html" server="s118191.gridserver.com//domains/" local="129894481200000000" remote="129894481200000000" />
<file name="multiple-vertical.html" server="s118191.gridserver.com//domains/" local="129894481200000000" remote="129894481200000000" />
<file name="range-vertical.html" server="s118191.gridserver.com//domains/" local="129894481200000000" remote="129894481200000000" />
<file name="range.html" server="s118191.gridserver.com//domains/" local="129894481200000000" remote="129894481200000000" />
<file name="rangemax.html" server="s118191.gridserver.com//domains/" local="129894481200000000" remote="129894481200000000" />
<file name="rangemin.html" server="s118191.gridserver.com//domains/" local="129894481200000000" remote="129894481200000000" />
<file name="side-scroll.html" server="s118191.gridserver.com//domains/" local="129894481200000000" remote="129894481200000000" />
<file name="slider-vertical.html" server="s118191.gridserver.com//domains/" local="129894481200000000" remote="129894481200000000" />
<file name="steps.html" server="s118191.gridserver.com//domains/" local="129894481200000000" remote="129894481200000000" />
<file name="tabs.html" server="s118191.gridserver.com//domains/" local="129894481200000000" remote="129894481200000000" />
</dwsync>