<?xml version="1.0" encoding="utf-8" ?>
<dwsync>
<file name="jquery-ui-1.8.21.custom.js" server="s118191.gridserver.com//domains/" local="129894481200000000" remote="129894481200000000" />
<file name="jquery.effects.blind.js" server="s118191.gridserver.com//domains/" local="129894480600000000" remote="129894480600000000" />
<file name="jquery.effects.bounce.js" server="s118191.gridserver.com//domains/" local="129894480600000000" remote="129894480600000000" />
<file name="jquery.effects.clip.js" server="s118191.gridserver.com//domains/" local="129894480600000000" remote="129894480600000000" />
<file name="jquery.effects.core.js" server="s118191.gridserver.com//domains/" local="129894480600000000" remote="129894480600000000" />
<file name="jquery.effects.drop.js" server="s118191.gridserver.com//domains/" local="129894480600000000" remote="129894480600000000" />
<file name="jquery.effects.explode.js" server="s118191.gridserver.com//domains/" local="129894480600000000" remote="129894480600000000" />
<file name="jquery.effects.fade.js" server="s118191.gridserver.com//domains/" local="129894480600000000" remote="129894480600000000" />
<file name="jquery.effects.fold.js" server="s118191.gridserver.com//domains/" local="129894480600000000" remote="129894480600000000" />
<file name="jquery.effects.highlight.js" server="s118191.gridserver.com//domains/" local="129894480600000000" remote="129894480600000000" />
<file name="jquery.effects.pulsate.js" server="s118191.gridserver.com//domains/" local="129894480600000000" remote="129894480600000000" />
<file name="jquery.effects.scale.js" server="s118191.gridserver.com//domains/" local="129894480600000000" remote="129894480600000000" />
<file name="jquery.effects.shake.js" server="s118191.gridserver.com//domains/" local="129894480600000000" remote="129894480600000000" />
<file name="jquery.effects.slide.js" server="s118191.gridserver.com//domains/" local="129894480600000000" remote="129894480600000000" />
<file name="jquery.effects.transfer.js" server="s118191.gridserver.com//domains/" local="129894480600000000" remote="129894480600000000" />
<file name="jquery.ui.accordion.js" server="s118191.gridserver.com//domains/" local="129894480600000000" remote="129894480600000000" />
<file name="jquery.ui.autocomplete.js" server="s118191.gridserver.com//domains/" local="129894480600000000" remote="129894480600000000" />
<file name="jquery.ui.button.js" server="s118191.gridserver.com//domains/" local="129894480600000000" remote="129894480600000000" />
<file name="jquery.ui.core.js" server="s118191.gridserver.com//domains/" local="129894480600000000" remote="129894480600000000" />
<file name="jquery.ui.datepicker.js" server="s118191.gridserver.com//domains/" local="129894480600000000" remote="129894480600000000" />
<file name="jquery.ui.dialog.js" server="s118191.gridserver.com//domains/" local="129894480600000000" remote="129894480600000000" />
<file name="jquery.ui.draggable.js" server="s118191.gridserver.com//domains/" local="129894480600000000" remote="129894480600000000" />
<file name="jquery.ui.droppable.js" server="s118191.gridserver.com//domains/" local="129894480600000000" remote="129894480600000000" />
<file name="jquery.ui.mouse.js" server="s118191.gridserver.com//domains/" local="129894480600000000" remote="129894480600000000" />
<file name="jquery.ui.position.js" server="s118191.gridserver.com//domains/" local="129894480600000000" remote="129894480600000000" />
<file name="jquery.ui.progressbar.js" server="s118191.gridserver.com//domains/" local="129894480600000000" remote="129894480600000000" />
<file name="jquery.ui.resizable.js" server="s118191.gridserver.com//domains/" local="129894480600000000" remote="129894480600000000" />
<file name="jquery.ui.selectable.js" server="s118191.gridserver.com//domains/" local="129894480600000000" remote="129894480600000000" />
<file name="jquery.ui.slider.js" server="s118191.gridserver.com//domains/" local="129894481200000000" remote="129894481200000000" />
<file name="jquery.ui.sortable.js" server="s118191.gridserver.com//domains/" local="129894480600000000" remote="129894480600000000" />
<file name="jquery.ui.tabs.js" server="s118191.gridserver.com//domains/" local="129894481200000000" remote="129894481200000000" />
<file name="jquery.ui.widget.js" server="s118191.gridserver.com//domains/" local="129894480600000000" remote="129894480600000000" />
</dwsync>