<?xml version="1.0" encoding="utf-8" ?>
<dwsync>
<file name="high_tatras.jpg" server="s118191.gridserver.com//domains/" local="129894480600000000" remote="129894480600000000" />
<file name="high_tatras2.jpg" server="s118191.gridserver.com//domains/" local="129894480600000000" remote="129894480600000000" />
<file name="high_tatras2_min.jpg" server="s118191.gridserver.com//domains/" local="129894480600000000" remote="129894480600000000" />
<file name="high_tatras3.jpg" server="s118191.gridserver.com//domains/" local="129894480600000000" remote="129894480600000000" />
<file name="high_tatras3_min.jpg" server="s118191.gridserver.com//domains/" local="129894480600000000" remote="129894480600000000" />
<file name="high_tatras4.jpg" server="s118191.gridserver.com//domains/" local="129894480600000000" remote="129894480600000000" />
<file name="high_tatras4_min.jpg" server="s118191.gridserver.com//domains/" local="129894480600000000" remote="129894480600000000" />
<file name="high_tatras_min.jpg" server="s118191.gridserver.com//domains/" local="129894480600000000" remote="129894480600000000" />
</dwsync>