<?xml version="1.0" encoding="utf-8" ?>
<dwsync>
<file name="jquery.ui.accordion.css" server="s118191.gridserver.com//domains/" local="129894480600000000" remote="129894480600000000" />
<file name="jquery.ui.all.css" server="s118191.gridserver.com//domains/" local="129894480600000000" remote="129894480600000000" />
<file name="jquery.ui.autocomplete.css" server="s118191.gridserver.com//domains/" local="129894480600000000" remote="129894480600000000" />
<file name="jquery.ui.base.css" server="s118191.gridserver.com//domains/" local="129894480600000000" remote="129894480600000000" />
<file name="jquery.ui.button.css" server="s118191.gridserver.com//domains/" local="129894480600000000" remote="129894480600000000" />
<file name="jquery.ui.core.css" server="s118191.gridserver.com//domains/" local="129894480600000000" remote="129894480600000000" />
<file name="jquery.ui.datepicker.css" server="s118191.gridserver.com//domains/" local="129894480600000000" remote="129894480600000000" />
<file name="jquery.ui.dialog.css" server="s118191.gridserver.com//domains/" local="129894480600000000" remote="129894480600000000" />
<file name="jquery.ui.progressbar.css" server="s118191.gridserver.com//domains/" local="129894480600000000" remote="129894480600000000" />
<file name="jquery.ui.resizable.css" server="s118191.gridserver.com//domains/" local="129894480600000000" remote="129894480600000000" />
<file name="jquery.ui.selectable.css" server="s118191.gridserver.com//domains/" local="129894480600000000" remote="129894480600000000" />
<file name="jquery.ui.slider.css" server="s118191.gridserver.com//domains/" local="129894480600000000" remote="129894480600000000" />
<file name="jquery.ui.tabs.css" server="s118191.gridserver.com//domains/" local="129894480600000000" remote="129894480600000000" />
<file name="jquery.ui.theme.css" server="s118191.gridserver.com//domains/" local="129894480600000000" remote="129894480600000000" />
</dwsync>