<?xml version="1.0" encoding="utf-8" ?>
<dwsync>
<file name="collapsible.html" server="s118191.gridserver.com//domains/" local="129894480600000000" remote="129894480600000000" />
<file name="custom-icons.html" server="s118191.gridserver.com//domains/" local="129894480600000000" remote="129894480600000000" />
<file name="default.html" server="s118191.gridserver.com//domains/" local="129894480600000000" remote="129894480600000000" />
<file name="fillspace.html" server="s118191.gridserver.com//domains/" local="129894480600000000" remote="129894480600000000" />
<file name="hoverintent.html" server="s118191.gridserver.com//domains/" local="129894480600000000" remote="129894480600000000" />
<file name="index.html" server="s118191.gridserver.com//domains/" local="129894480600000000" remote="129894480600000000" />
<file name="mouseover.html" server="s118191.gridserver.com//domains/" local="129894480600000000" remote="129894480600000000" />
<file name="no-auto-height.html" server="s118191.gridserver.com//domains/" local="129894480600000000" remote="129894480600000000" />
<file name="sortable.html" server="s118191.gridserver.com//domains/" local="129894480600000000" remote="129894480600000000" />
</dwsync>