<?xml version="1.0" encoding="utf-8" ?>
<dwsync>
<file name="animate.html" server="s118191.gridserver.com//domains/" local="129894481200000000" remote="129894481200000000" />
<file name="aspect-ratio.html" server="s118191.gridserver.com//domains/" local="129894481200000000" remote="129894481200000000" />
<file name="constrain-area.html" server="s118191.gridserver.com//domains/" local="129894481200000000" remote="129894481200000000" />
<file name="default.html" server="s118191.gridserver.com//domains/" local="129894481200000000" remote="129894481200000000" />
<file name="delay-start.html" server="s118191.gridserver.com//domains/" local="129894481200000000" remote="129894481200000000" />
<file name="helper.html" server="s118191.gridserver.com//domains/" local="129894481200000000" remote="129894481200000000" />
<file name="index.html" server="s118191.gridserver.com//domains/" local="129894481200000000" remote="129894481200000000" />
<file name="max-min.html" server="s118191.gridserver.com//domains/" local="129894481200000000" remote="129894481200000000" />
<file name="snap-to-grid.html" server="s118191.gridserver.com//domains/" local="129894481200000000" remote="129894481200000000" />
<file name="synchronous-resize.html" server="s118191.gridserver.com//domains/" local="129894481200000000" remote="129894481200000000" />
<file name="textarea.html" server="s118191.gridserver.com//domains/" local="129894481200000000" remote="129894481200000000" />
<file name="visual-feedback.html" server="s118191.gridserver.com//domains/" local="129894481200000000" remote="129894481200000000" />
</dwsync>